Time,TimeLower,TimeUpper,TimeUnits,Value,ValueLower,ValueUpper,ValueUnits,ValueType,Wave,WaveLower,WaveUpper,WaveUnits,Filter,CalGroup,SlopGroup
136.008288,,,s,0.61756842,0.19031546,0.19031546,mJy,Spectral Flux,4.35E+14,,,Hz,R,R_offset,slop
148.017888,,,s,0.513671038,0.158297505,0.158297505,mJy,Spectral Flux,4.35E+14,,,Hz,R,R_offset,slop
153.395856,,,s,0.337794053,0.115473901,0.115473901,mJy,Spectral Flux,5.48E+14,,,Hz,uvot-v,uvot-v_offset,slop
160.027488,,,s,0.61756842,0.19031546,0.19031546,mJy,Spectral Flux,4.35E+14,,,Hz,R,R_offset,slop
230.616288,,,s,0.417550569,0.058170956,0.058170956,mJy,Spectral Flux,4.35E+14,,,Hz,R,R_offset,slop
271.224288,,,s,0.2999583,0.057414731,0.057414731,mJy,Spectral Flux,4.35E+14,,,Hz,R,R_offset,slop
310.104288,,,s,0.184421372,0.05368859,0.05368859,mJy,Spectral Flux,4.35E+14,,,Hz,R,R_offset,slop
349.848288,,,s,0.205984435,0.05323115,0.05323115,mJy,Spectral Flux,4.35E+14,,,Hz,R,R_offset,slop
432.792288,,,s,0.338503064,0.035834544,0.035834544,mJy,Spectral Flux,4.35E+14,,,Hz,R,R_offset,slop
532.152288,,,s,0.312187706,0.036152061,0.036152061,mJy,Spectral Flux,4.35E+14,,,Hz,R,R_offset,slop
631.512288,,,s,0.37860351,0.034889654,0.034889654,mJy,Spectral Flux,4.35E+14,,,Hz,R,R_offset,slop
704.088288,,,s,0.477261779,0.0573302,0.0573302,mJy,Spectral Flux,4.35E+14,,,Hz,R,R_offset,slop
761.976288,,,s,0.495007341,0.034373706,0.034373706,mJy,Spectral Flux,4.35E+14,,,Hz,R,R_offset,slop
861.336288,,,s,0.563736356,0.034087116,0.034087116,mJy,Spectral Flux,4.35E+14,,,Hz,R,R_offset,slop
960.696288,,,s,0.54327561,0.03402558,0.03402558,mJy,Spectral Flux,4.35E+14,,,Hz,R,R_offset,slop
1060.056288,,,s,0.701133367,0.055787868,0.055787868,mJy,Spectral Flux,4.35E+14,,,Hz,R,R_offset,slop
1110.168288,,,s,0.567421866,0.025177759,0.025177759,mJy,Spectral Flux,4.35E+14,,,Hz,R,R_offset,slop
1299.384288,,,s,0.615801082,0.024303572,0.024303572,mJy,Spectral Flux,4.35E+14,,,Hz,R,R_offset,slop
1352.09615,,,s,0.736344081,0.130247201,0.130247201,mJy,Spectral Flux,5.48E+14,,,Hz,uvot-v,uvot-v_offset,slop
1416.024288,,,s,0.70725936,0.045893676,0.045893676,mJy,Spectral Flux,4.35E+14,,,Hz,R,R_offset,slop
1452.930739,,,s,0.524478392,0.076460064,0.076460064,mJy,Spectral Flux,6.83E+14,,,Hz,uvot-b,uvot-b_offset,slop
1487.736288,,,s,0.613439284,0.025727115,0.025727115,mJy,Spectral Flux,4.35E+14,,,Hz,R,R_offset,slop
1514.53152,,,s,0.223635528,0.027687773,0.027687773,mJy,Spectral Flux,8.65E+14,,,Hz,uvot-u,uvot-u_offset,slop
1526.950829,,,s,0.589117603,0.131013029,0.131013029,mJy,Spectral Flux,5.48E+14,,,Hz,uvot-v,uvot-v_offset,slop
1626.743347,,,s,0.656559364,0.089532207,0.089532207,mJy,Spectral Flux,6.83E+14,,,Hz,uvot-b,uvot-b_offset,slop
1712.376288,,,s,0.65265712,0.040750601,0.040750601,mJy,Spectral Flux,4.35E+14,,,Hz,R,R_offset,slop
1726.200288,,,s,0.449630849,0.028074048,0.028074048,mJy,Spectral Flux,6.86E+14,,,Hz,B,B_offset,slop
1774.584288,,,s,0.709063418,0.031913111,0.031913111,mJy,Spectral Flux,4.35E+14,,,Hz,R,R_offset,slop
1776.312288,,,s,0.562814342,0.020357544,0.020357544,mJy,Spectral Flux,5.47E+14,,,Hz,V,V_offset,slop
1798.955914,,,s,0.456062118,0.087337832,0.087337832,mJy,Spectral Flux,6.83E+14,,,Hz,uvot-b,uvot-b_offset,slop
1837.656288,,,s,0.764672141,0.047744594,0.047744594,mJy,Spectral Flux,3.43E+14,,,Hz,I,I_offset,slop
1860.691392,,,s,0.284512139,0.039650743,0.039650743,mJy,Spectral Flux,8.65E+14,,,Hz,uvot-u,uvot-u_offset,slop
1874.774074,,,s,0.378451299,0.125517737,0.125517737,mJy,Spectral Flux,5.48E+14,,,Hz,uvot-v,uvot-v_offset,slop
1882.584288,,,s,0.464789277,0.020918963,0.020918963,mJy,Spectral Flux,6.86E+14,,,Hz,B,B_offset,slop
1912.824288,,,s,0.685488226,0.036853793,0.036853793,mJy,Spectral Flux,4.35E+14,,,Hz,R,R_offset,slop
1947.384288,,,s,0.599190827,0.016329614,0.016329614,mJy,Spectral Flux,5.47E+14,,,Hz,V,V_offset,slop
2097.720288,,,s,0.679203633,0.036515915,0.036515915,mJy,Spectral Flux,4.35E+14,,,Hz,R,R_offset,slop
2104.632288,,,s,0.43496679,0.023385049,0.023385049,mJy,Spectral Flux,6.86E+14,,,Hz,B,B_offset,slop
2121.048288,,,s,0.664976846,0.041445412,0.041445412,mJy,Spectral Flux,4.35E+14,,,Hz,R,R_offset,slop
2170.296288,,,s,0.569069299,0.020583792,0.020583792,mJy,Spectral Flux,5.47E+14,,,Hz,V,V_offset,slop
2212.632288,,,s,0.664790921,0.02992052,0.02992052,mJy,Spectral Flux,4.35E+14,,,Hz,R,R_offset,slop
2245.464288,,,s,0.861936492,0.038793533,0.038793533,mJy,Spectral Flux,3.43E+14,,,Hz,I,I_offset,slop
2331.864288,,,s,0.696121552,0.031330631,0.031330631,mJy,Spectral Flux,4.35E+14,,,Hz,R,R_offset,slop
2333.592288,,,s,0.667102119,0.021825089,0.021825089,mJy,Spectral Flux,4.35E+14,,,Hz,R,R_offset,slop
2460.600288,,,s,0.420726628,0.015218093,0.015218093,mJy,Spectral Flux,6.86E+14,,,Hz,B,B_offset,slop
2480.472288,,,s,0.698232404,0.025255748,0.025255748,mJy,Spectral Flux,4.35E+14,,,Hz,R,R_offset,slop
2523.672288,,,s,0.634313111,0.021944877,0.021944877,mJy,Spectral Flux,4.35E+14,,,Hz,R,R_offset,slop
2549.592288,,,s,0.441424161,0.015966743,0.015966743,mJy,Spectral Flux,6.86E+14,,,Hz,B,B_offset,slop
2551.320288,,,s,0.677150307,0.030476784,0.030476784,mJy,Spectral Flux,4.35E+14,,,Hz,R,R_offset,slop
2553.048288,,,s,0.561778554,0.015310025,0.015310025,mJy,Spectral Flux,5.47E+14,,,Hz,V,V_offset,slop
2628.216288,,,s,0.573277842,0.015623413,0.015623413,mJy,Spectral Flux,5.47E+14,,,Hz,V,V_offset,slop
2712.888288,,,s,0.647803944,0.020768631,0.020768631,mJy,Spectral Flux,4.35E+14,,,Hz,R,R_offset,slop
2725.848288,,,s,0.808118907,0.036371342,0.036371342,mJy,Spectral Flux,3.43E+14,,,Hz,I,I_offset,slop
2748.312288,,,s,0.689739472,0.02494855,0.02494855,mJy,Spectral Flux,4.35E+14,,,Hz,R,R_offset,slop
2810.520288,,,s,0.634870401,0.022963882,0.022963882,mJy,Spectral Flux,4.35E+14,,,Hz,R,R_offset,slop
2839.032288,,,s,0.640228266,0.037991566,0.037991566,mJy,Spectral Flux,4.35E+14,,,Hz,R,R_offset,slop
2917.656288,,,s,0.689218909,0.021605025,0.021605025,mJy,Spectral Flux,4.35E+14,,,Hz,R,R_offset,slop
3037.752288,,,s,0.401790811,0.014533166,0.014533166,mJy,Spectral Flux,6.86E+14,,,Hz,B,B_offset,slop
3052.440288,,,s,0.44880336,0.016233656,0.016233656,mJy,Spectral Flux,6.86E+14,,,Hz,B,B_offset,slop
3053.304288,,,s,0.704693069,0.025489436,0.025489436,mJy,Spectral Flux,4.35E+14,,,Hz,R,R_offset,slop
3067.992288,,,s,0.651628394,0.023570035,0.023570035,mJy,Spectral Flux,4.35E+14,,,Hz,R,R_offset,slop
3106.872288,,,s,0.666860479,0.020038413,0.020038413,mJy,Spectral Flux,4.35E+14,,,Hz,R,R_offset,slop
3144.888288,,,s,0.539467339,0.014701983,0.014701983,mJy,Spectral Flux,5.47E+14,,,Hz,V,V_offset,slop
3150.072288,,,s,0.555603734,0.010140911,0.010140911,mJy,Spectral Flux,5.47E+14,,,Hz,V,V_offset,slop
3248.568288,,,s,0.730256225,0.032866944,0.032866944,mJy,Spectral Flux,3.43E+14,,,Hz,I,I_offset,slop
3296.088288,,,s,0.62739141,0.019091466,0.019091466,mJy,Spectral Flux,4.35E+14,,,Hz,R,R_offset,slop
3305.000275,,,s,0.87096359,0.023736176,0.023736176,mJy,Spectral Flux,3.93E+14,,,Hz,i,i_offset,slop
3347.928288,,,s,0.611906519,0.022133256,0.022133256,mJy,Spectral Flux,4.35E+14,,,Hz,R,R_offset,slop
3398.904288,,,s,0.654636174,0.017840653,0.017840653,mJy,Spectral Flux,4.35E+14,,,Hz,R,R_offset,slop
3502.584288,,,s,0.608061272,0.019178301,0.019178301,mJy,Spectral Flux,4.35E+14,,,Hz,R,R_offset,slop
3502.584288,,,s,0.62205792,0.018585681,0.018585681,mJy,Spectral Flux,4.35E+14,,,Hz,R,R_offset,slop
3629.592288,,,s,0.398892711,0.014428339,0.014428339,mJy,Spectral Flux,6.86E+14,,,Hz,B,B_offset,slop
3648.600288,,,s,0.634870401,0.022963882,0.022963882,mJy,Spectral Flux,4.35E+14,,,Hz,R,R_offset,slop
3739.320288,,,s,0.508586884,0.009282757,0.009282757,mJy,Spectral Flux,5.47E+14,,,Hz,V,V_offset,slop
3757.464288,,,s,0.61756842,0.016830454,0.016830454,mJy,Spectral Flux,4.35E+14,,,Hz,R,R_offset,slop
3770.424288,,,s,0.373250158,0.010172103,0.010172103,mJy,Spectral Flux,6.86E+14,,,Hz,B,B_offset,slop
3860.280288,,,s,0.757661585,0.027405359,0.027405359,mJy,Spectral Flux,3.43E+14,,,Hz,I,I_offset,slop
3881.016288,,,s,0.62010513,0.020068595,0.020068595,mJy,Spectral Flux,4.35E+14,,,Hz,R,R_offset,slop
3908.664288,,,s,0.530597447,0.009684495,0.009684495,mJy,Spectral Flux,5.47E+14,,,Hz,V,V_offset,slop
3909.528288,,,s,0.538578837,0.037941111,0.037941111,mJy,Spectral Flux,4.35E+14,,,Hz,R,R_offset,slop
3976.920288,,,s,0.600737966,0.021729279,0.021729279,mJy,Spectral Flux,4.35E+14,,,Hz,R,R_offset,slop
4091.832288,,,s,0.61249777,0.017947968,0.017947968,mJy,Spectral Flux,4.35E+14,,,Hz,R,R_offset,slop
4243.896288,,,s,0.584366189,0.015925601,0.015925601,mJy,Spectral Flux,4.35E+14,,,Hz,R,R_offset,slop
4281.912288,,,s,0.582846053,0.018020088,0.018020088,mJy,Spectral Flux,4.35E+14,,,Hz,R,R_offset,slop
4305.240288,,,s,0.403325889,0.01099175,0.01099175,mJy,Spectral Flux,6.86E+14,,,Hz,B,B_offset,slop
4327.704288,,,s,0.579008688,0.02094331,0.02094331,mJy,Spectral Flux,4.35E+14,,,Hz,R,R_offset,slop
4433.112288,,,s,0.460431636,0.008403824,0.008403824,mJy,Spectral Flux,5.47E+14,,,Hz,V,V_offset,slop
4471.128288,,,s,0.553781312,0.017647645,0.017647645,mJy,Spectral Flux,4.35E+14,,,Hz,R,R_offset,slop
4575.672288,,,s,0.659895654,0.02386907,0.02386907,mJy,Spectral Flux,3.43E+14,,,Hz,I,I_offset,slop
4627.512288,,,s,0.382345603,0.010419979,0.010419979,mJy,Spectral Flux,6.86E+14,,,Hz,B,B_offset,slop
4668.984288,,,s,0.547576851,0.017155799,0.017155799,mJy,Spectral Flux,4.35E+14,,,Hz,R,R_offset,slop
4672.440288,,,s,0.558065378,0.015208831,0.015208831,mJy,Spectral Flux,4.35E+14,,,Hz,R,R_offset,slop
4711.320288,,,s,0.537879608,0.019455631,0.019455631,mJy,Spectral Flux,4.35E+14,,,Hz,R,R_offset,slop
4798.584288,,,s,0.452027811,0.008250437,0.008250437,mJy,Spectral Flux,5.47E+14,,,Hz,V,V_offset,slop
4859.064288,,,s,0.576758447,0.018972669,0.018972669,mJy,Spectral Flux,4.35E+14,,,Hz,R,R_offset,slop
4961.016288,,,s,0.481194758,0.034167972,0.034167972,mJy,Spectral Flux,4.35E+14,,,Hz,R,R_offset,slop
5048.280288,,,s,0.523962035,0.016680873,0.016680873,mJy,Spectral Flux,4.35E+14,,,Hz,R,R_offset,slop
5096.664288,,,s,0.383001081,0.013853523,0.013853523,mJy,Spectral Flux,6.86E+14,,,Hz,B,B_offset,slop
5126.040288,,,s,0.513671038,0.018579983,0.018579983,mJy,Spectral Flux,4.35E+14,,,Hz,R,R_offset,slop
5149.368288,,,s,0.481598449,0.013124895,0.013124895,mJy,Spectral Flux,4.35E+14,,,Hz,R,R_offset,slop
5184.273715,,,s,0.343049823,0.088000333,0.088000333,mJy,Spectral Flux,6.83E+14,,,Hz,uvot-b,uvot-b_offset,slop
5248.728288,,,s,0.456210373,0.008326778,0.008326778,mJy,Spectral Flux,5.47E+14,,,Hz,V,V_offset,slop
5344.775107,,,s,0.344831078,0.019713808,0.019713808,mJy,Spectral Flux,6.83E+14,,,Hz,uvot-b,uvot-b_offset,slop
5412.888288,,,s,0.585430397,0.021175589,0.021175589,mJy,Spectral Flux,3.43E+14,,,Hz,I,I_offset,slop
5442.264288,,,s,0.50265758,0.016411688,0.016411688,mJy,Spectral Flux,4.35E+14,,,Hz,R,R_offset,slop
5442.264288,,,s,0.5399211,0.016766219,0.016766219,mJy,Spectral Flux,4.35E+14,,,Hz,R,R_offset,slop
5571.864288,,,s,0.459922949,0.012534177,0.012534177,mJy,Spectral Flux,4.35E+14,,,Hz,R,R_offset,slop
5610.744288,,,s,0.333009099,0.009075422,0.009075422,mJy,Spectral Flux,6.86E+14,,,Hz,B,B_offset,slop
5631.480288,,,s,0.491068621,0.015909977,0.015909977,mJy,Spectral Flux,4.35E+14,,,Hz,R,R_offset,slop
5668.632288,,,s,0.495091055,0.013492606,0.013492606,mJy,Spectral Flux,4.35E+14,,,Hz,R,R_offset,slop
5817.240288,,,s,0.420692874,0.00767851,0.00767851,mJy,Spectral Flux,5.47E+14,,,Hz,V,V_offset,slop
5845.752288,,,s,0.486142502,0.016807472,0.016807472,mJy,Spectral Flux,4.35E+14,,,Hz,R,R_offset,slop
6035.832288,,,s,0.484711536,0.015300305,0.015300305,mJy,Spectral Flux,4.35E+14,,,Hz,R,R_offset,slop
6055.704288,,,s,0.45570635,0.016483344,0.016483344,mJy,Spectral Flux,4.35E+14,,,Hz,R,R_offset,slop
6225.048288,,,s,0.487767936,0.015959167,0.015959167,mJy,Spectral Flux,4.35E+14,,,Hz,R,R_offset,slop
6239.736288,,,s,0.451528409,0.012305403,0.012305403,mJy,Spectral Flux,4.35E+14,,,Hz,R,R_offset,slop
6284.664288,,,s,0.318021221,0.008666961,0.008666961,mJy,Spectral Flux,6.86E+14,,,Hz,B,B_offset,slop
6369.336288,,,s,0.456569723,0.033901691,0.033901691,mJy,Spectral Flux,4.35E+14,,,Hz,R,R_offset,slop
6470.424288,,,s,0.380158894,0.006938682,0.006938682,mJy,Spectral Flux,5.47E+14,,,Hz,V,V_offset,slop
6579.288288,,,s,0.443287087,0.012080804,0.012080804,mJy,Spectral Flux,4.35E+14,,,Hz,R,R_offset,slop
6671.736288,,,s,0.482475503,0.013148797,0.013148797,mJy,Spectral Flux,3.43E+14,,,Hz,I,I_offset,slop
6780.600288,,,s,0.312792333,0.008524459,0.008524459,mJy,Spectral Flux,6.86E+14,,,Hz,B,B_offset,slop
6872.184288,,,s,0.423335881,0.011537078,0.011537078,mJy,Spectral Flux,4.35E+14,,,Hz,R,R_offset,slop
6888.600288,,,s,0.436822379,0.014909355,0.014909355,mJy,Spectral Flux,4.35E+14,,,Hz,R,R_offset,slop
7028.568288,,,s,0.359058453,0.006553555,0.006553555,mJy,Spectral Flux,5.47E+14,,,Hz,V,V_offset,slop
7078.680288,,,s,0.407921098,0.015175481,0.015175481,mJy,Spectral Flux,4.35E+14,,,Hz,R,R_offset,slop
7146.072288,,,s,0.415609131,0.011326503,0.011326503,mJy,Spectral Flux,4.35E+14,,,Hz,R,R_offset,slop
7267.896288,,,s,0.425190915,0.014606609,0.014606609,mJy,Spectral Flux,4.35E+14,,,Hz,R,R_offset,slop
7790.616288,,,s,0.361378005,0.030777518,0.030777518,mJy,Spectral Flux,4.35E+14,,,Hz,R,R_offset,slop
9159.192288,,,s,0.358661764,0.012973146,0.012973146,mJy,Spectral Flux,4.35E+14,,,Hz,R,R_offset,slop
9365.688288,,,s,0.33492328,0.014589225,0.014589225,mJy,Spectral Flux,4.35E+14,,,Hz,R,R_offset,slop
9554.904288,,,s,0.333379872,0.013245628,0.013245628,mJy,Spectral Flux,4.35E+14,,,Hz,R,R_offset,slop
9744.120288,,,s,0.323276182,0.012898469,0.012898469,mJy,Spectral Flux,4.35E+14,,,Hz,R,R_offset,slop
10541.59229,,,s,0.278054239,0.012740556,0.012740556,mJy,Spectral Flux,4.35E+14,,,Hz,R,R_offset,slop
10731.67229,,,s,0.307157896,0.012131595,0.012131595,mJy,Spectral Flux,4.35E+14,,,Hz,R,R_offset,slop
10920.88829,,,s,0.296012574,0.012280676,0.012280676,mJy,Spectral Flux,4.35E+14,,,Hz,R,R_offset,slop
11157.62429,,,s,0.169881691,0.008826874,0.008826874,mJy,Spectral Flux,6.86E+14,,,Hz,B,B_offset,slop
11460.14214,,,s,0.235380673,0.01710841,0.01710841,mJy,Spectral Flux,5.48E+14,,,Hz,uvot-v,uvot-v_offset,slop
11466.93629,,,s,0.225974586,0.007216155,0.007216155,mJy,Spectral Flux,5.47E+14,,,Hz,V,V_offset,slop
11705.40029,,,s,0.258255508,0.011578246,0.011578246,mJy,Spectral Flux,4.35E+14,,,Hz,R,R_offset,slop
11707.12829,,,s,0.241370995,0.008730625,0.008730625,mJy,Spectral Flux,4.35E+14,,,Hz,R,R_offset,slop
11894.61629,,,s,0.264008538,0.01162833,0.01162833,mJy,Spectral Flux,4.35E+14,,,Hz,R,R_offset,slop
12083.83229,,,s,0.259816014,0.011950357,0.011950357,mJy,Spectral Flux,4.35E+14,,,Hz,R,R_offset,slop
13695.19229,,,s,0.2572554,0.008405412,0.008405412,mJy,Spectral Flux,6.86E+14,,,Hz,B,B_offset,slop
14083.99229,,,s,0.326925804,0.006949955,0.006949955,mJy,Spectral Flux,5.47E+14,,,Hz,V,V_offset,slop
14386.39229,,,s,0.386086912,0.00704688,0.00704688,mJy,Spectral Flux,4.35E+14,,,Hz,R,R_offset,slop
16762.83561,,,s,0.369289364,0.019854045,0.019854045,mJy,Spectral Flux,6.83E+14,,,Hz,uvot-b,uvot-b_offset,slop
16929.14429,,,s,0.512118145,0.023049113,0.023049113,mJy,Spectral Flux,4.35E+14,,,Hz,R,R_offset,slop
17214.26429,,,s,0.702562686,0.03162053,0.03162053,mJy,Spectral Flux,4.35E+14,,,Hz,R,R_offset,slop
17497.65629,,,s,0.806649892,0.036305226,0.036305226,mJy,Spectral Flux,4.35E+14,,,Hz,R,R_offset,slop
17500.24829,,,s,0.791926872,0.035642581,0.035642581,mJy,Spectral Flux,4.35E+14,,,Hz,R,R_offset,slop
17782.77629,,,s,0.926157995,0.041683976,0.041683976,mJy,Spectral Flux,4.35E+14,,,Hz,R,R_offset,slop
18068.76029,,,s,0.934727629,0.042069673,0.042069673,mJy,Spectral Flux,4.35E+14,,,Hz,R,R_offset,slop
18429.04829,,,s,0.814113732,0.036641154,0.036641154,mJy,Spectral Flux,4.35E+14,,,Hz,R,R_offset,slop
18640.72829,,,s,0.952105513,0.042851807,0.042851807,mJy,Spectral Flux,4.35E+14,,,Hz,R,R_offset,slop
18924.12029,,,s,0.934727629,0.042069673,0.042069673,mJy,Spectral Flux,4.35E+14,,,Hz,R,R_offset,slop
19236.02429,,,s,0.84466613,0.038016238,0.038016238,mJy,Spectral Flux,4.35E+14,,,Hz,R,R_offset,slop
19519.41629,,,s,0.749350636,0.033726334,0.033726334,mJy,Spectral Flux,4.35E+14,,,Hz,R,R_offset,slop
19667.16029,,,s,0.646673523,0.034767004,0.034767004,mJy,Spectral Flux,4.35E+14,,,Hz,R,R_offset,slop
19803.67229,,,s,0.677150307,0.030476784,0.030476784,mJy,Spectral Flux,4.35E+14,,,Hz,R,R_offset,slop
19977.33629,,,s,0.61756842,0.033202231,0.033202231,mJy,Spectral Flux,4.35E+14,,,Hz,R,R_offset,slop
20091.38429,,,s,0.606296526,0.027287839,0.027287839,mJy,Spectral Flux,4.35E+14,,,Hz,R,R_offset,slop
20376.50429,,,s,0.579008688,0.026059684,0.026059684,mJy,Spectral Flux,4.35E+14,,,Hz,R,R_offset,slop
20663.35229,,,s,0.558065378,0.025117079,0.025117079,mJy,Spectral Flux,4.35E+14,,,Hz,R,R_offset,slop
20948.47229,,,s,0.558065378,0.025117079,0.025117079,mJy,Spectral Flux,4.35E+14,,,Hz,R,R_offset,slop
21389.97629,,,s,0.547879537,0.024658641,0.024658641,mJy,Spectral Flux,4.35E+14,,,Hz,R,R_offset,slop
21973.17629,,,s,0.528062199,0.023766714,0.023766714,mJy,Spectral Flux,4.35E+14,,,Hz,R,R_offset,slop
22543.41629,,,s,0.495091055,0.022282768,0.022282768,mJy,Spectral Flux,4.35E+14,,,Hz,R,R_offset,slop
23116.24829,,,s,0.495091055,0.022282768,0.022282768,mJy,Spectral Flux,4.35E+14,,,Hz,R,R_offset,slop
23697.72029,,,s,0.477183128,0.021476779,0.021476779,mJy,Spectral Flux,4.35E+14,,,Hz,R,R_offset,slop
24280.92029,,,s,0.451528409,0.020322126,0.020322126,mJy,Spectral Flux,4.35E+14,,,Hz,R,R_offset,slop
24922.00829,,,s,0.42725296,0.019229551,0.019229551,mJy,Spectral Flux,4.35E+14,,,Hz,R,R_offset,slop
25642.58429,,,s,0.404282628,0.018195716,0.018195716,mJy,Spectral Flux,4.35E+14,,,Hz,R,R_offset,slop
28145.8368,,,s,0.155564608,0.008363595,0.008363595,mJy,Spectral Flux,8.65E+14,,,Hz,uvot-u,uvot-u_offset,slop
29050.73597,,,s,0.218316822,0.011737332,0.011737332,mJy,Spectral Flux,6.83E+14,,,Hz,uvot-b,uvot-b_offset,slop
40344.19056,,,s,0.0756366,0.004087642,0.004087642,mJy,Spectral Flux,8.65E+14,,,Hz,uvot-u,uvot-u_offset,slop
50529.10844,,,s,0.08837007,0.013801587,0.013801587,mJy,Spectral Flux,6.83E+14,,,Hz,uvot-b,uvot-b_offset,slop
55847.00028,,,s,0.075423407,0.001969642,0.001969642,mJy,Spectral Flux,6.28E+14,,,Hz,g,g_offset,slop
56973.00033,,,s,0.094423493,0.004249757,0.004249757,mJy,Spectral Flux,4.81E+14,,,Hz,r,r_offset,slop
60639.00028,,,s,0.080479758,0.007081346,0.007081346,mJy,Spectral Flux,3.43E+14,,,Hz,I,I_offset,slop
70545.52829,,,s,0.077747258,0.004179913,0.004179913,mJy,Spectral Flux,4.35E+14,,,Hz,R,R_offset,slop
73128.02429,,,s,0.07156243,0.003847399,0.003847399,mJy,Spectral Flux,4.35E+14,,,Hz,R,R_offset,slop
73191.19332,,,s,0.063265276,0.003401321,0.003401321,mJy,Spectral Flux,6.28E+14,,,Hz,g,g_offset,slop
73959.9323,,,s,0.077756346,0.003499612,0.003499612,mJy,Spectral Flux,4.81E+14,,,Hz,r,r_offset,slop
74000.0003,,,s,0.073760099,0.004491765,0.004491765,mJy,Spectral Flux,4.35E+14,,,Hz,R,R_offset,slop
74044.00028,,,s,0.094029295,0.009021162,0.009021162,mJy,Spectral Flux,3.43E+14,,,Hz,I,I_offset,slop
74728.97628,,,s,0.098323685,0.002644729,0.002644729,mJy,Spectral Flux,3.93E+14,,,Hz,i,i_offset,slop
78652.44029,,,s,0.070256269,0.003777176,0.003777176,mJy,Spectral Flux,4.35E+14,,,Hz,R,R_offset,slop
79521.3631,,,s,0.033853221,0.004959731,0.004959731,mJy,Spectral Flux,8.65E+14,,,Hz,uvot-u,uvot-u_offset,slop
80337.10075,,,s,0.075605954,0.019472836,0.019472836,mJy,Spectral Flux,5.48E+14,,,Hz,uvot-v,uvot-v_offset,slop
80962.77629,,,s,0.067715031,0.00538676,0.00538676,mJy,Spectral Flux,4.35E+14,,,Hz,R,R_offset,slop
83119.32029,,,s,0.069183097,0.00371948,0.00371948,mJy,Spectral Flux,4.35E+14,,,Hz,R,R_offset,slop
84660.69629,,,s,0.059523037,0.003716499,0.003716499,mJy,Spectral Flux,4.35E+14,,,Hz,R,R_offset,slop
88230.74429,,,s,0.084715944,0.003812846,0.003812846,mJy,Spectral Flux,5.47E+14,,,Hz,V,V_offset,slop
88235.06429,,,s,0.127845392,0.003484142,0.003484142,mJy,Spectral Flux,4.35E+14,,,Hz,R,R_offset,slop
89141.40029,,,s,0.118764072,0.003236651,0.003236651,mJy,Spectral Flux,4.35E+14,,,Hz,R,R_offset,slop
89142.26429,,,s,0.091025937,0.003292497,0.003292497,mJy,Spectral Flux,5.47E+14,,,Hz,V,V_offset,slop
90047.73629,,,s,0.118764072,0.003236651,0.003236651,mJy,Spectral Flux,4.35E+14,,,Hz,R,R_offset,slop
90055.51229,,,s,0.091868189,0.003322962,0.003322962,mJy,Spectral Flux,5.47E+14,,,Hz,V,V_offset,slop
90530.24625,,,s,0.096789319,0.003500964,0.003500964,mJy,Spectral Flux,6.28E+14,,,Hz,g,g_offset,slop
90952.34429,,,s,0.11446826,0.002089281,0.002089281,mJy,Spectral Flux,4.35E+14,,,Hz,R,R_offset,slop
90967.03229,,,s,0.09889291,0.002695106,0.002695106,mJy,Spectral Flux,5.47E+14,,,Hz,V,V_offset,slop
91132.6153,,,s,0.091016056,0.004096397,0.004096397,mJy,Spectral Flux,6.28E+14,,,Hz,g,g_offset,slop
91737.37227,,,s,0.119122887,0.005889743,0.005889743,mJy,Spectral Flux,4.81E+14,,,Hz,r,r_offset,slop
91857.81629,,,s,0.11446826,0.002089281,0.002089281,mJy,Spectral Flux,4.35E+14,,,Hz,R,R_offset,slop
91879.41629,,,s,0.09889291,0.003577053,0.003577053,mJy,Spectral Flux,5.47E+14,,,Hz,V,V_offset,slop
92764.15229,,,s,0.107321091,0.001958831,0.001958831,mJy,Spectral Flux,4.35E+14,,,Hz,R,R_offset,slop
92790.93629,,,s,0.097625924,0.003531225,0.003531225,mJy,Spectral Flux,5.47E+14,,,Hz,V,V_offset,slop
92944.45328,,,s,0.140056702,0.013542673,0.013542673,mJy,Spectral Flux,3.93E+14,,,Hz,i,i_offset,slop
93669.62429,,,s,0.107321091,0.001958831,0.001958831,mJy,Spectral Flux,4.35E+14,,,Hz,R,R_offset,slop
93703.32029,,,s,0.087571977,0.003167564,0.003167564,mJy,Spectral Flux,5.47E+14,,,Hz,V,V_offset,slop
94575.09629,,,s,0.096980648,0.002642992,0.002642992,mJy,Spectral Flux,4.35E+14,,,Hz,R,R_offset,slop
94615.70429,,,s,0.077976755,0.002820495,0.002820495,mJy,Spectral Flux,5.47E+14,,,Hz,V,V_offset,slop
95480.56829,,,s,0.092615799,0.002524038,0.002524038,mJy,Spectral Flux,4.35E+14,,,Hz,R,R_offset,slop
95527.22429,,,s,0.070204533,0.003159724,0.003159724,mJy,Spectral Flux,5.47E+14,,,Hz,V,V_offset,slop
96212.64732,,,s,0.078796072,0.003546407,0.003546407,mJy,Spectral Flux,6.28E+14,,,Hz,g,g_offset,slop
96386.04029,,,s,0.093472763,0.002547392,0.002547392,mJy,Spectral Flux,4.35E+14,,,Hz,R,R_offset,slop
96438.74429,,,s,0.073513171,0.003308638,0.003308638,mJy,Spectral Flux,5.47E+14,,,Hz,V,V_offset,slop
96898.64829,,,s,0.09977727,0.00489253,0.00489253,mJy,Spectral Flux,4.81E+14,,,Hz,r,r_offset,slop
97199.92829,,,s,0.071378128,0.003212545,0.003212545,mJy,Spectral Flux,5.47E+14,,,Hz,V,V_offset,slop
97292.37629,,,s,0.091766693,0.002500897,0.002500897,mJy,Spectral Flux,4.35E+14,,,Hz,R,R_offset,slop
97520.20626,,,s,0.082774622,0.003725472,0.003725472,mJy,Spectral Flux,6.28E+14,,,Hz,g,g_offset,slop
98146.33929,,,s,0.07395371,0.003328465,0.003328465,mJy,Spectral Flux,6.28E+14,,,Hz,g,g_offset,slop
98196.98429,,,s,0.094337656,0.001721856,0.001721856,mJy,Spectral Flux,4.35E+14,,,Hz,R,R_offset,slop
98260.92029,,,s,0.072038582,0.00324227,0.00324227,mJy,Spectral Flux,5.47E+14,,,Hz,V,V_offset,slop
98605.51528,,,s,0.094817173,0.002582463,0.002582463,mJy,Spectral Flux,4.81E+14,,,Hz,r,r_offset,slop
98925.31832,,,s,0.115041118,0.012179737,0.012179737,mJy,Spectral Flux,3.93E+14,,,Hz,i,i_offset,slop
99103.32029,,,s,0.093472763,0.00170607,0.00170607,mJy,Spectral Flux,4.35E+14,,,Hz,R,R_offset,slop
99173.30429,,,s,0.074056836,0.003333107,0.003333107,mJy,Spectral Flux,5.47E+14,,,Hz,V,V_offset,slop
100159.1283,,,s,0.101551205,0.001853518,0.001853518,mJy,Spectral Flux,4.35E+14,,,Hz,R,R_offset,slop
100237.7523,,,s,0.075991524,0.002748688,0.002748688,mJy,Spectral Flux,5.47E+14,,,Hz,V,V_offset,slop
103013.7843,,,s,0.103439183,0.00465553,0.00465553,mJy,Spectral Flux,4.35E+14,,,Hz,R,R_offset,slop
103060.8723,,,s,0.092044957,0.003329356,0.003329356,mJy,Spectral Flux,4.81E+14,,,Hz,r,r_offset,slop
104085.1443,,,s,0.093472763,0.004206967,0.004206967,mJy,Spectral Flux,4.35E+14,,,Hz,R,R_offset,slop
105176.3763,,,s,0.091766693,0.004130182,0.004130182,mJy,Spectral Flux,4.35E+14,,,Hz,R,R_offset,slop
106246.0083,,,s,0.088447402,0.003980789,0.003980789,mJy,Spectral Flux,4.35E+14,,,Hz,R,R_offset,slop
107338.9683,,,s,0.088447402,0.003980789,0.003980789,mJy,Spectral Flux,4.35E+14,,,Hz,R,R_offset,slop
108415.5123,,,s,0.086036965,0.003872301,0.003872301,mJy,Spectral Flux,4.35E+14,,,Hz,R,R_offset,slop
109503.2883,,,s,0.083692218,0.00376677,0.00376677,mJy,Spectral Flux,4.35E+14,,,Hz,R,R_offset,slop
110584.1523,,,s,0.082164663,0.003698019,0.003698019,mJy,Spectral Flux,4.35E+14,,,Hz,R,R_offset,slop
110747.7903,,,s,0.074522291,0.001840871,0.001840871,mJy,Spectral Flux,4.81E+14,,,Hz,r,r_offset,slop
111665.8803,,,s,0.078466644,0.003531581,0.003531581,mJy,Spectral Flux,4.35E+14,,,Hz,R,R_offset,slop
112750.2003,,,s,0.074935064,0.003372633,0.003372633,mJy,Spectral Flux,4.35E+14,,,Hz,R,R_offset,slop
113818.0003,,,s,0.076037615,0.009388062,0.009388062,mJy,Spectral Flux,4.35E+14,,,Hz,R,R_offset,slop
113830.2003,,,s,0.070256269,0.003162053,0.003162053,mJy,Spectral Flux,4.35E+14,,,Hz,R,R_offset,slop
114919.7043,,,s,0.072892875,0.00328072,0.00328072,mJy,Spectral Flux,4.35E+14,,,Hz,R,R_offset,slop
115996.2483,,,s,0.064074478,0.002883827,0.002883827,mJy,Spectral Flux,4.35E+14,,,Hz,R,R_offset,slop
117086.6163,,,s,0.061756842,0.002779516,0.002779516,mJy,Spectral Flux,4.35E+14,,,Hz,R,R_offset,slop
118159.7043,,,s,0.058977326,0.002654417,0.002654417,mJy,Spectral Flux,4.35E+14,,,Hz,R,R_offset,slop
119255.2563,,,s,0.058436619,0.002630081,0.002630081,mJy,Spectral Flux,4.35E+14,,,Hz,R,R_offset,slop
120365.4963,,,s,0.050429549,0.002269704,0.002269704,mJy,Spectral Flux,4.35E+14,,,Hz,R,R_offset,slop
132138.0003,,,s,0.039100611,0.003356073,0.003356073,mJy,Spectral Flux,4.35E+14,,,Hz,R,R_offset,slop
149501.0002,,,s,0.042072663,0.00277904,0.00277904,mJy,Spectral Flux,4.35E+14,,,Hz,R,R_offset,slop
174876.1203,,,s,0.027039584,0.001453725,0.001453725,mJy,Spectral Flux,4.35E+14,,,Hz,R,R_offset,slop
176072.4153,,,s,0.02024291,0.002487645,0.002487645,mJy,Spectral Flux,6.28E+14,,,Hz,g,g_offset,slop
176686.2003,,,s,0.02630268,0.001414107,0.001414107,mJy,Spectral Flux,4.35E+14,,,Hz,R,R_offset,slop
176687.2493,,,s,0.03840279,0.003968352,0.003968352,mJy,Spectral Flux,4.81E+14,,,Hz,r,r_offset,slop
178498.0083,,,s,0.024137099,0.001507072,0.001507072,mJy,Spectral Flux,4.35E+14,,,Hz,R,R_offset,slop
180308.0883,,,s,0.025042927,0.00156363,0.00156363,mJy,Spectral Flux,4.35E+14,,,Hz,R,R_offset,slop
182119.8963,,,s,0.025744537,0.001607437,0.001607437,mJy,Spectral Flux,4.35E+14,,,Hz,R,R_offset,slop
183900.4003,,,s,0.02630268,0.001868374,0.001868374,mJy,Spectral Flux,4.35E+14,,,Hz,R,R_offset,slop
184066.0003,,,s,0.028052369,0.003033692,0.003033692,mJy,Spectral Flux,6.28E+14,,,Hz,g,g_offset,slop
184972.2603,,,s,0.026884528,0.001283895,0.001283895,mJy,Spectral Flux,4.81E+14,,,Hz,r,r_offset,slop
185961.6723,,,s,0.023550493,0.001672877,0.001672877,mJy,Spectral Flux,4.81E+14,,,Hz,r,r_offset,slop
186043.3203,,,s,0.026957839,0.00144933,0.00144933,mJy,Spectral Flux,4.35E+14,,,Hz,R,R_offset,slop
192700.8723,,,s,0.018879913,0.001501905,0.001501905,mJy,Spectral Flux,4.81E+14,,,Hz,r,r_offset,slop
198881.4723,,,s,0.022776317,0.001068032,0.001068032,mJy,Spectral Flux,4.81E+14,,,Hz,r,r_offset,slop
239096.0003,,,s,0.030551544,0.002059386,0.002059386,mJy,Spectral Flux,4.35E+14,,,Hz,R,R_offset,slop
263482.7763,,,s,0.015274435,0.000953705,0.000953705,mJy,Spectral Flux,5.47E+14,,,Hz,V,V_offset,slop
263538.0723,,,s,0.028753127,0.001040029,0.001040029,mJy,Spectral Flux,4.35E+14,,,Hz,R,R_offset,slop
265915.7913,,,s,0.022464191,0.002329747,0.002329747,mJy,Spectral Flux,6.28E+14,,,Hz,g,g_offset,slop
267121.9833,,,s,0.019964648,0.002179956,0.002179956,mJy,Spectral Flux,6.28E+14,,,Hz,g,g_offset,slop
268554.0003,,,s,0.024434306,0.002149954,0.002149954,mJy,Spectral Flux,4.81E+14,,,Hz,r,r_offset,slop
269135.2073,,,s,0.021523933,0.000956796,0.000956796,mJy,Spectral Flux,4.35E+14,,,Hz,R,R_offset,slop
269135.2073,,,s,0.021811477,0.000981678,0.000981678,mJy,Spectral Flux,4.35E+14,,,Hz,R,R_offset,slop
269939.9402,,,s,0.031045596,0.001397282,0.001397282,mJy,Spectral Flux,3.93E+14,,,Hz,i,i_offset,slop
270168.4083,,,s,0.012358483,0.000771639,0.000771639,mJy,Spectral Flux,5.47E+14,,,Hz,V,V_offset,slop
270175.3203,,,s,0.023050751,0.000833768,0.000833768,mJy,Spectral Flux,4.35E+14,,,Hz,R,R_offset,slop
272970.0853,,,s,0.022387581,0.001150041,0.001150041,mJy,Spectral Flux,4.81E+14,,,Hz,r,r_offset,slop
283470.9083,,,s,0.021597727,0.001016016,0.001016016,mJy,Spectral Flux,4.81E+14,,,Hz,r,r_offset,slop
315184.8723,,,s,0.017508223,0.002242656,0.002242656,mJy,Spectral Flux,6.28E+14,,,Hz,g,g_offset,slop
354933.7433,,,s,0.013677288,0.001203453,0.001203453,mJy,Spectral Flux,4.35E+14,,,Hz,R,R_offset,slop
355737.3553,,,s,0.014454398,0.000777109,0.000777109,mJy,Spectral Flux,3.93E+14,,,Hz,i,i_offset,slop
357636.0633,,,s,0.009549926,0.001606644,0.001606644,mJy,Spectral Flux,4.81E+14,,,Hz,r,r_offset,slop
371706.1822,,,s,0.008849279,0.0009589,0.0009589,mJy,Spectral Flux,4.81E+14,,,Hz,r,r_offset,slop
421942.1003,,,s,0.010471285,0.00092136,0.00092136,mJy,Spectral Flux,6.28E+14,,,Hz,g,g_offset,slop
422361.1763,,,s,0.010964782,0.000964782,0.000964782,mJy,Spectral Flux,3.93E+14,,,Hz,i,i_offset,slop
427772.7863,,,s,0.006546362,0.000408742,0.000408742,mJy,Spectral Flux,4.81E+14,,,Hz,r,r_offset,slop
431742.3603,,,s,0.007177943,0.000868369,0.000868369,mJy,Spectral Flux,4.81E+14,,,Hz,r,r_offset,slop
444401.3613,,,s,0.006476269,0.000569841,0.000569841,mJy,Spectral Flux,4.81E+14,,,Hz,r,r_offset,slop
445278.9973,,,s,0.00744732,0.000655283,0.000655283,mJy,Spectral Flux,4.35E+14,,,Hz,R,R_offset,slop
446085.6473,,,s,0.00724436,0.000637425,0.000637425,mJy,Spectral Flux,3.93E+14,,,Hz,i,i_offset,slop
458129.7922,,,s,0.005784067,0.000508935,0.000508935,mJy,Spectral Flux,4.81E+14,,,Hz,r,r_offset,slop
504230.2643,,,s,0.009120108,0.001534333,0.001534333,mJy,Spectral Flux,6.28E+14,,,Hz,g,g_offset,slop
519182.2583,,,s,0.003732502,0.000265133,0.000265133,mJy,Spectral Flux,6.28E+14,,,Hz,g,g_offset,slop
520503.3933,,,s,0.004830588,0.000425039,0.000425039,mJy,Spectral Flux,4.81E+14,,,Hz,r,r_offset,slop
521825.0853,,,s,0.006854882,0.000939266,0.000939266,mJy,Spectral Flux,3.28E+14,,,Hz,z,z_offset,slop
528547.2153,,,s,0.004146274,0.000607403,0.000607403,mJy,Spectral Flux,4.81E+14,,,Hz,r,r_offset,slop
604304.0003,,,s,0.003630781,0.000349828,0.000349828,mJy,Spectral Flux,4.81E+14,,,Hz,r,r_offset,slop
605520.9873,,,s,0.003250873,0.000258608,0.000258608,mJy,Spectral Flux,6.28E+14,,,Hz,g,g_offset,slop
606807.2783,,,s,0.004487454,0.000356979,0.000356979,mJy,Spectral Flux,4.81E+14,,,Hz,r,r_offset,slop
607603.0003,,,s,0.003311311,0.000681043,0.000681043,mJy,Spectral Flux,6.28E+14,,,Hz,g,g_offset,slop
608164.5542,,,s,0.004786301,0.000805229,0.000805229,mJy,Spectral Flux,3.28E+14,,,Hz,z,z_offset,slop
620004.9842,,,s,0.002779713,0.000267827,0.000267827,mJy,Spectral Flux,4.35E+14,,,Hz,R,R_offset,slop
620715.6323,,,s,0.003801894,0.000639616,0.000639616,mJy,Spectral Flux,3.93E+14,,,Hz,i,i_offset,slop
625560.1393,,,s,0.003837072,0.000337621,0.000337621,mJy,Spectral Flux,4.81E+14,,,Hz,r,r_offset,slop
681276.3513,,,s,0.004207266,0.000508984,0.000508984,mJy,Spectral Flux,4.81E+14,,,Hz,r,r_offset,slop
690551.0003,,,s,0.003311311,0.000291359,0.000291359,mJy,Spectral Flux,4.81E+14,,,Hz,r,r_offset,slop
713658.1373,,,s,0.003837072,0.000239579,0.000239579,mJy,Spectral Flux,4.81E+14,,,Hz,r,r_offset,slop
721897.0482,,,s,0.003282866,0.000923585,0.000923585,mJy,Spectral Flux,8.65E+14,,,Hz,uvot-u,uvot-u_offset,slop
800008.4263,,,s,0.003019952,0.000315993,0.000315993,mJy,Spectral Flux,4.81E+14,,,Hz,r,r_offset,slop
876263.7577,,,s,0.002728978,0.00062035,0.00062035,mJy,Spectral Flux,4.35E+14,,,Hz,R,R_offset,slop
882987.3461,,,s,0.002805434,0.000246848,0.000246848,mJy,Spectral Flux,4.81E+14,,,Hz,r,r_offset,slop
969303.9165,,,s,0.003073657,0.000270448,0.000270448,mJy,Spectral Flux,4.81E+14,,,Hz,r,r_offset,slop
1055872.73,,,s,0.00221389,0.000258559,0.000258559,mJy,Spectral Flux,4.81E+14,,,Hz,r,r_offset,slop
1097379.797,,,s,0.004288786,0.001167921,0.001167921,mJy,Spectral Flux,8.65E+14,,,Hz,uvot-u,uvot-u_offset,slop
1838029.457,,,s,0.001444512,0.000117956,0.000117956,mJy,Spectral Flux,4.81E+14,,,Hz,r,r_offset,slop
2093772.389,,,s,0.001196502,0.000105279,0.000105279,mJy,Spectral Flux,4.81E+14,,,Hz,r,r_offset,slop
1184.614,,,s,9.74E-12,2.14E-12,2.14E-12,erg cm-2 s-1,Integrated Flux,,7.25E+16,2.42E+18,Hz,xray,,slop
1284,,,s,1.09E-11,2.40E-12,2.40E-12,erg cm-2 s-1,Integrated Flux,,7.25E+16,2.42E+18,Hz,xray,,slop
1376.097,,,s,1.54E-11,3.47E-12,3.47E-12,erg cm-2 s-1,Integrated Flux,,7.25E+16,2.42E+18,Hz,xray,,slop
1491.224,,,s,1.36E-11,3.08E-12,3.08E-12,erg cm-2 s-1,Integrated Flux,,7.25E+16,2.42E+18,Hz,xray,,slop
1605.08,,,s,1.19E-11,2.70E-12,2.70E-12,erg cm-2 s-1,Integrated Flux,,7.25E+16,2.42E+18,Hz,xray,,slop
1741.681,,,s,9.85E-12,2.24E-12,2.24E-12,erg cm-2 s-1,Integrated Flux,,7.25E+16,2.42E+18,Hz,xray,,slop
1879.01,,,s,1.08E-11,2.12E-12,2.12E-12,erg cm-2 s-1,Integrated Flux,,7.25E+16,2.42E+18,Hz,xray,,slop
